{"loss": [0.3751780092716217, 0.2756328582763672, 0.26622289419174194, 0.2634894549846649, 0.25769659876823425, 0.2480396032333374, 0.24630895256996155, 0.2377743124961853, 0.2131224274635315, 0.17700807750225067, 0.1647896021604538, 0.16005145013332367, 0.15416988730430603, 0.14793439209461212, 0.14523103833198547], "accuracy": [0.8035489916801453, 0.8736900687217712, 0.8767639994621277, 0.8787201046943665, 0.8802570700645447, 0.8830515742301941, 0.8875226974487305, 0.8939499855041504, 0.9095990061759949, 0.9246891140937805, 0.9266452193260193, 0.9318150281906128, 0.9333519339561462, 0.9340505599975586, 0.9369847774505615], "val_loss": [0.3044695258140564, 0.262690007686615, 0.2573563754558563, 0.2501470744609833, 0.2530973255634308, 0.2603694200515747, 0.22880567610263824, 0.21632112562656403, 0.20301169157028198, 0.1691531538963318, 0.154702827334404, 0.15453138947486877, 0.14399679005146027, 0.19160382449626923, 0.14103679358959198], "val_accuracy": [0.854189932346344, 0.8770949840545654, 0.8776536583900452, 0.8815642595291138, 0.8832402229309082, 0.8793296217918396, 0.894413411617279, 0.910614550113678, 0.9111731648445129, 0.9279329776763916, 0.9407821297645569, 0.9346368908882141, 0.9446927309036255, 0.9229050278663635, 0.9463686943054199]}