{"loss": [0.32847708463668823, 0.271797776222229, 0.2673148214817047, 0.2576654851436615, 0.2588827311992645, 0.23332977294921875, 0.2329787313938141, 0.2150285243988037, 0.20633122324943542, 0.18398445844650269, 0.16905418038368225, 0.16169455647468567, 0.1563827246427536, 0.1516665369272232, 0.14694786071777344], "accuracy": [0.8236691355705261, 0.8746681809425354, 0.875366747379303, 0.8833310008049011, 0.8843090534210205, 0.8988403081893921, 0.9007964134216309, 0.9109961986541748, 0.9102976322174072, 0.9206371307373047, 0.9295794367790222, 0.9309766888618469, 0.9322341680526733, 0.9322341680526733, 0.9364258646965027], "val_loss": [0.28488650918006897, 0.26284489035606384, 0.25366804003715515, 0.24877925217151642, 0.25283223390579224, 0.24562309682369232, 0.2153002917766571, 0.22166860103607178, 0.17668980360031128, 0.16718558967113495, 0.1472853124141693, 0.15593574941158295, 0.14595092833042145, 0.15386396646499634, 0.14449994266033173], "val_accuracy": [0.8603351712226868, 0.875419020652771, 0.8798882961273193, 0.8832402229309082, 0.8910614252090454, 0.8910614252090454, 0.9117318391799927, 0.9078212380409241, 0.9251396656036377, 0.9329608678817749, 0.9346368908882141, 0.9396647810935974, 0.9363128542900085, 0.9391061663627625, 0.9391061663627625]}