{"loss": [0.3220007121562958, 0.2481829971075058, 0.24346034228801727, 0.23654773831367493, 0.22889403998851776, 0.21432650089263916, 0.18491260707378387, 0.16568534076213837, 0.1510803997516632, 0.14100724458694458, 0.13370954990386963, 0.1307498961687088, 0.12541431188583374, 0.1217009574174881, 0.11112489551305771], "accuracy": [0.8398596048355103, 0.8775913119316101, 0.8797850012779236, 0.8851596117019653, 0.8887792229652405, 0.9008445739746094, 0.9201491475105286, 0.9258527755737305, 0.9358341693878174, 0.9391247034072876, 0.9412087202072144, 0.942634642124176, 0.9474607706069946, 0.9500932097434998, 0.9533838033676147], "val_loss": [0.2393336445093155, 0.23024675250053406, 0.2259162962436676, 0.22011245787143707, 0.22920465469360352, 0.19782006740570068, 0.2081114649772644, 0.16197353601455688, 0.15091215074062347, 0.13907073438167572, 0.12969161570072174, 0.12483331561088562, 0.1953648328781128, 0.11808919906616211, 0.11328491568565369], "val_accuracy": [0.8697368502616882, 0.8736842274665833, 0.8771929740905762, 0.878947377204895, 0.9013158082962036, 0.9105263352394104, 0.9114035367965698, 0.9315789341926575, 0.9346491098403931, 0.9346491098403931, 0.9399122595787048, 0.9438596367835999, 0.9109649062156677, 0.9521929621696472, 0.9530701637268066]}